,predict,actual
0,53,62
1,1,7
2,28,34
3,11,1
4,45,62
5,55,34
6,3,10
7,23,20
8,29,29
9,0,0
10,38,40
11,29,40
12,0,1
13,21,21
14,51,49
15,35,51
16,0,0
17,21,13
18,40,34
19,29,27
20,0,5
21,41,35
22,48,27
23,29,27
24,45,40
25,43,43
26,28,26
27,0,3
28,25,24
29,24,23
30,0,0
31,29,29
32,35,37
33,44,40
34,30,27
35,47,54
36,43,41
37,30,31
38,57,38
39,29,31
40,30,31
41,27,26
42,54,54
43,24,14
44,46,52
45,31,34
46,0,1
47,43,37
48,54,54
49,27,20
50,46,52
51,55,54
52,46,68
53,27,29
54,49,55
55,57,81
56,0,3
57,45,82
58,49,49
59,30,34
60,24,27
61,29,34
62,56,67
63,47,49
64,14,12
65,0,0
66,26,34
67,29,29
68,28,27
69,18,17
70,34,31
71,29,35
72,38,27
73,19,17
74,5,0
75,29,23
76,26,27
77,6,0
78,47,62
79,20,20
80,30,34
81,0,0
82,26,24
83,55,85
84,39,38
85,27,26
86,33,26
87,43,43
88,31,29
89,56,64
90,38,40
91,0,0
92,37,26
93,22,17
94,37,40
95,18,14
96,55,68
97,56,62
98,41,57
99,28,24
100,51,59
101,0,0
102,40,34
103,0,0
104,45,34
105,56,70
106,36,34
107,55,64
108,55,73
109,52,85
110,26,20
111,38,31
112,45,49
113,26,24
114,55,29
115,29,24
116,19,17
117,30,34
118,0,1
119,56,71
120,28,32
121,54,54
122,55,52
123,47,52
124,34,54
125,14,10
126,32,34
127,29,31
128,52,63
129,53,51
130,0,0
131,32,31
132,26,27
133,35,35
134,31,26
135,48,80
136,26,24
137,28,20
138,23,27
139,26,29
140,51,45
141,30,26
142,21,34
143,25,26
144,33,35
145,51,54
146,56,52
147,36,37
148,26,26
149,43,52
150,27,26
151,28,24
152,0,1
153,30,31
154,25,17
155,48,64
156,55,69
157,23,21
158,32,26
159,0,0
160,56,58
161,26,21
162,56,71
163,39,45
164,28,38
165,40,41
166,52,51
167,30,34
168,30,24
169,29,35
170,28,27
171,41,35
172,0,5
173,56,75
174,50,88
175,11,6
176,56,83
177,0,0
178,29,45
179,33,26
180,24,21
181,28,27
182,0,0
183,30,20
184,26,26
185,40,41
186,0,3
187,39,48
188,0,0
189,23,24
190,30,35
191,50,54
192,22,23
193,32,27
194,54,86
195,56,75
196,49,45
197,50,45
198,29,26
199,34,7
200,54,61
201,12,3
202,0,1
203,13,6
204,56,49
205,39,35
206,36,58
207,54,55
208,0,6
209,33,35
210,29,29
211,35,40
212,29,31
213,35,27
214,55,55
215,29,24
216,25,23
217,31,34
218,28,27
219,38,40
220,29,27
221,26,27
222,26,17
223,57,71
224,51,55
225,27,27
226,43,37
227,48,48
228,55,67
229,47,34
230,31,34
231,30,31
232,15,14
233,26,31
234,50,51
235,35,35
236,24,90
237,28,26
238,28,51
239,46,46
240,26,29
241,22,26
242,56,75
243,25,24
244,0,3
245,37,37
246,32,37
247,19,27
248,18,14
249,2,3
250,22,21
251,29,29
252,31,29
253,26,29
254,0,3
255,33,24
256,42,41
257,0,1
258,12,10
259,29,27
260,44,75
261,26,23
262,16,14
263,28,27
264,40,35
265,24,24
266,27,27
267,30,29
268,29,26
269,56,64
270,56,24
271,19,3
272,30,26
273,53,54
274,29,21
275,56,75
276,27,29
277,18,14
278,28,29
279,27,27
280,30,27
281,18,15
282,51,55
283,29,29
284,29,29
285,55,67
286,32,37
287,31,40
288,0,3
289,56,90
290,2,3
291,26,24
292,0,0
293,37,45
294,36,29
295,24,24
296,27,31
297,51,55
298,46,59
299,35,31
300,24,21
301,1,0
302,56,75
303,27,29
304,28,26
305,49,49
306,28,27
307,28,27
308,24,26
309,0,0
310,27,29
311,36,61
312,40,41
313,35,55
314,55,58
315,49,90
316,29,27
317,54,58
318,24,26
319,27,31
320,33,29
321,27,40
322,26,26
323,31,26
324,28,35
325,39,58
326,30,29
327,0,0
328,48,57
329,37,29
330,28,29
331,37,35
332,26,29
333,22,17
334,26,21
335,27,10
336,54,49
337,56,64
338,29,27
339,0,0
340,28,24
341,56,64
342,49,41
343,34,37
344,51,46
345,30,31
346,20,26
347,31,26
348,49,85
349,21,15
350,14,12
351,25,24
352,25,20
353,7,10
354,56,76
355,52,48
356,27,29
357,26,20
358,25,26
359,30,26
360,51,75
361,52,54
362,30,37
363,17,15
364,43,35
365,22,27
366,55,73
367,44,49
368,27,24
369,27,26
370,36,34
371,50,54
372,37,34
373,37,34
374,25,24
375,26,23
376,42,35
377,0,13
378,39,34
379,32,31
380,40,54
381,55,63
382,0,0
383,57,80
384,2,6
385,47,49
386,39,41
387,0,0
388,27,29
389,35,26
390,28,29
391,20,13
392,34,27
393,35,29
394,42,54
395,35,41
396,56,64
397,36,24
398,45,26
399,31,27
400,34,35
401,28,32
402,57,65
403,39,64
404,0,5
405,28,31
406,36,29
407,26,27
408,56,71
409,48,52
410,43,55
411,55,54
412,53,65
413,52,65
414,15,29
415,27,31
416,27,17
417,52,55
418,34,29
419,53,26
420,37,31
421,38,29
422,26,27
423,31,27
424,0,0
425,35,31
426,21,17
427,30,26
428,21,17
429,27,24
430,2,1
431,36,40
432,40,40
433,32,26
434,0,0
435,40,43
436,0,0
437,57,55
438,35,21
439,23,26
440,55,77
441,41,61
442,27,20
443,34,55
444,31,0
445,47,49
446,24,23
447,56,51
448,30,34
449,56,58
450,26,34
451,37,29
452,27,27
453,56,75
454,33,29
455,0,1
456,13,15
457,25,17
458,0,3
459,56,40
460,24,23
461,28,29
462,53,90
463,53,71
464,35,48
465,0,0
466,10,7
467,29,26
468,56,75
469,26,8
470,26,26
471,50,49
472,49,59
473,2,5
474,28,31
475,27,31
476,56,61
477,53,55
478,33,27
479,27,26
480,0,1
481,24,26
482,56,58
483,45,24
484,49,58
485,47,61
486,27,27
487,27,26
488,16,1
489,56,35
490,33,24
491,7,0
492,29,34
493,34,0
494,29,34
495,27,29
496,28,21
497,51,64
498,55,64
499,42,41
500,14,6
501,54,52
502,30,35
503,25,26
504,53,27
505,48,52
506,0,0
507,42,49
508,26,20
509,39,35
510,37,41
511,30,43
512,55,61
513,28,34
514,41,40
515,28,26
516,26,29
517,43,38
518,45,51
519,20,8
520,16,0
521,55,69
522,28,29
523,52,52
524,28,34
525,56,85
526,30,32
527,26,24
528,34,35
529,34,40
530,31,34
531,1,0
532,28,24
533,27,24
534,50,45
535,23,21
536,45,54
537,53,37
538,28,27
539,56,87
540,3,0
541,7,3
542,56,58
543,25,26
544,55,74
545,35,38
546,27,27
547,28,26
548,50,64
549,31,29
550,29,31
551,39,31
552,37,31
553,18,17
554,18,15
555,31,29
556,28,26
557,28,24
558,27,34
559,44,41
560,45,32
561,17,12
562,26,13
563,33,34
564,0,0
565,41,29
566,56,64
567,33,29
568,55,58
569,31,27
570,46,54
571,27,27
572,53,58
573,21,27
574,29,23
575,0,1
576,51,48
577,54,58
578,32,20
579,29,31
580,29,27
581,43,58
582,31,26
583,0,0
584,25,23
585,54,46
586,29,5
587,27,21
588,29,29
589,27,27
590,9,6
591,56,58
592,30,35
593,30,27
594,48,41
595,14,17
596,39,45
597,0,0
598,25,24
599,41,35
600,55,61
601,3,0
602,49,55
603,26,21
604,28,26
605,0,0
606,51,52
607,24,23
608,55,55
609,31,34
610,36,37
611,45,32
612,31,34
613,21,15
614,34,31
615,21,15
616,32,27
617,56,85
618,56,55
619,31,29
620,27,27
621,54,59
622,23,24
623,36,34
624,26,21
625,0,0
626,52,49
627,26,26
628,39,41
629,55,55
630,37,24
631,38,34
632,52,79
633,26,24
634,22,23
635,52,81
636,52,48
637,30,29
638,31,27
639,23,13
640,24,14
641,56,54
642,29,34
643,37,26
644,45,45
645,53,54
646,20,8
647,20,3
648,38,35
649,16,13
650,31,34
651,0,0
652,50,49
653,27,26
654,37,34
655,20,34
656,29,31
657,26,26
658,19,13
659,39,77
660,24,29
661,40,40
662,20,17
663,32,49
664,48,43
665,26,23
666,30,26
667,7,15
668,48,69
669,56,71
670,15,7
671,52,45
672,8,5
673,26,23
674,56,62
675,28,26
676,46,51
677,29,34
678,29,35
679,31,12
680,11,6
681,27,31
682,5,0
683,55,40
684,14,0
685,32,41
686,0,0
687,20,15
688,31,35
689,55,69
690,27,23
691,28,29
692,28,26
693,56,73
694,30,29
695,43,71
696,28,27
697,48,55
698,24,23
699,56,79
700,25,14
701,35,37
702,52,69
703,27,24
704,54,73
705,31,34
706,42,45
707,38,64
708,35,26
709,34,29
710,25,26
711,24,24
712,30,20
713,28,27
714,37,38
715,10,3
716,25,26
717,35,35
718,29,38
719,0,0
720,18,13
721,30,31
722,29,27
723,27,27
724,10,7
725,27,8
726,27,20
727,5,0
728,39,26
729,0,0
730,56,58
731,39,43
732,56,69
733,26,24
734,28,24
735,28,24
736,56,63
737,25,48
738,6,1
739,28,23
740,47,49
741,30,27
742,39,26
743,27,26
744,26,20
745,2,8
746,35,34
747,28,29
748,56,73
749,27,24
750,43,37
751,29,41
752,25,26
753,34,31
754,34,40
755,0,0
756,52,58
757,21,24
758,8,10
759,0,1
760,25,24
761,29,29
762,56,83
763,44,43
764,56,55
765,30,24
766,56,69
767,30,29
768,39,52
769,55,68
770,33,29
771,27,17
772,53,65
773,26,27
774,28,31
775,38,40
776,40,75
777,27,27
778,29,31
779,27,29
780,26,24
781,36,31
782,16,17
783,20,13
784,46,24
785,31,34
786,54,49
787,47,54
788,27,26
789,25,14
790,34,24
791,25,24
792,32,37
793,0,0
794,0,0
795,54,73
796,0,6
797,41,48
798,41,45
799,56,86
800,26,26
801,26,24
802,27,21
803,56,54
804,31,24
805,26,26
806,43,20
807,46,57
808,30,31
809,28,31
810,56,63
811,0,0
812,30,24
813,28,24
814,56,64
815,55,76
816,40,34
817,26,27
818,25,26
819,0,6
820,36,55
821,31,26
822,31,14
823,25,23
824,47,62
825,27,26
826,22,17
827,39,41
828,49,69
829,26,17
830,25,23
831,21,21
832,44,45
833,28,27
834,33,31
835,53,58
836,0,1
837,25,20
838,37,29
839,28,26
840,0,0
841,0,3
842,27,27
843,31,46
844,26,26
845,45,75
846,31,31
847,24,21
848,56,63
849,27,24
850,28,24
851,54,71
852,37,40
853,37,34
854,26,27
855,12,5
856,8,13
857,33,26
858,30,29
859,50,54
860,36,27
861,42,63
862,27,29
863,35,35
864,31,29
865,29,35
866,30,27
867,26,21
868,25,31
869,30,26
870,26,24
871,6,7
872,23,20
873,50,55
874,56,58
875,42,41
876,31,27
877,47,51
878,5,7
879,16,5
880,26,41
881,8,10
882,53,43
883,25,24
884,33,26
885,56,40
886,41,40
887,28,24
888,33,35
889,28,29
890,30,29
891,46,49
892,56,81
893,36,26
894,29,26
895,29,31
896,29,27
897,28,26
898,25,21
899,52,49
900,40,54
901,30,31
902,30,26
903,44,61
904,31,34
905,35,34
906,28,26
907,23,21
908,30,17
909,49,58
910,28,26
911,39,45
912,27,26
913,28,27
914,18,17
915,30,27
916,29,32
917,55,49
918,0,3
919,42,76
920,30,26
921,0,0
922,30,35
923,45,43
924,0,0
925,56,85
926,30,34
927,48,58
928,15,17
929,45,40
930,0,0
931,32,23
932,55,63
933,13,3
934,26,26
935,24,29
936,25,21
937,0,0
938,26,26
939,22,24
940,30,29
941,27,27
942,0,0
943,0,7
944,51,23
945,24,20
946,56,64
947,9,3
948,55,48
949,28,7
950,28,34
951,30,34
952,27,26
953,56,59
954,30,31
955,16,26
956,48,49
957,29,29
958,27,24
959,38,45
960,42,37
961,29,27
962,33,34
963,53,52
964,53,35
965,37,54
966,56,81
967,0,0
968,35,41
969,32,35
970,46,49
971,24,29
972,29,29
973,26,29
974,28,27
975,31,31
976,55,49
977,48,61
978,56,59
979,51,52
980,28,1
981,37,35
982,33,38
983,56,54
984,57,85
985,21,13
986,28,24
987,30,29
988,45,41
989,57,86
990,54,59
991,53,49
992,34,29
993,43,45
994,31,27
995,56,59
996,21,15
997,34,34
998,37,37
999,56,55
1000,44,37
1001,22,17
1002,30,29
1003,25,26
1004,48,55
1005,28,21
1006,43,43
1007,55,59
1008,21,20
1009,28,26
1010,27,27
1011,56,67
1012,28,26
1013,56,67
1014,48,43
1015,28,26
1016,31,31
1017,54,73
1018,0,0
1019,51,31
1020,5,7
1021,25,20
1022,50,54
1023,25,20
1024,39,40
1025,56,82
1026,34,34
1027,40,29
1028,56,69
1029,25,27
1030,13,13
1031,36,31
1032,30,34
1033,25,26
1034,18,14
1035,5,1
1036,30,29
1037,22,17
1038,28,29
1039,30,13
1040,32,38
1041,54,46
1042,30,29
1043,55,45
1044,29,29
1045,43,49
1046,41,34
1047,32,52
1048,27,24
1049,29,24
1050,26,23
1051,28,26
1052,55,59
1053,28,26
1054,42,52
1055,54,52
1056,56,64
1057,44,61
1058,16,10
1059,24,27
1060,21,26
1061,49,49
1062,27,21
1063,13,0
1064,32,31
1065,28,26
1066,26,24
1067,42,34
1068,28,32
1069,54,57
1070,26,20
1071,47,64
1072,18,15
1073,35,34
1074,18,15
1075,27,34
1076,54,55
1077,29,6
1078,47,49
1079,27,27
1080,30,34
1081,24,24
1082,0,5
1083,0,0
1084,0,1
1085,54,75
1086,30,29
1087,24,24
1088,28,24
1089,6,7
1090,19,8
1091,26,21
1092,13,3
1093,36,29
1094,26,26
1095,41,67
1096,28,17
1097,26,23
1098,52,62
1099,54,77
1100,27,24
1101,28,17
1102,56,58
1103,1,1
1104,27,24
1105,49,52
1106,22,24
1107,37,21
1108,0,3
1109,33,37
1110,49,46
1111,51,49
1112,43,38
1113,29,35
1114,55,67
1115,28,29
1116,49,64
1117,45,45
1118,8,0
1119,55,73
1120,27,26
1121,14,6
1122,28,24
1123,36,31
1124,30,26
1125,25,23
1126,26,34
1127,30,29
1128,23,20
1129,25,27
1130,20,20
1131,26,26
1132,34,29
1133,24,29
1134,31,24
1135,0,0
1136,44,49
1137,55,63
1138,51,69
1139,28,29
1140,27,29
1141,25,23
1142,54,52
1143,12,10
1144,56,99
1145,29,45
1146,49,49
1147,29,31
1148,29,23
1149,28,26
1150,28,24
1151,40,64
1152,48,26
1153,40,40
1154,28,31
1155,12,3
1156,28,24
1157,36,40
1158,45,23
1159,41,40
1160,51,58
1161,27,27
1162,47,80
1163,56,57
1164,0,0
1165,46,40
1166,29,21
1167,22,27
1168,28,27
1169,40,34
1170,0,1
1171,35,40
1172,27,29
1173,25,26
1174,38,26
1175,56,88
1176,27,31
1177,27,27
1178,20,17
1179,38,37
1180,56,55
1181,37,26
1182,28,27
1183,27,29
1184,24,24
1185,25,24
1186,39,45
1187,56,54
1188,31,29
1189,28,26
1190,46,45
1191,55,77
1192,29,27
1193,42,37
1194,23,20
1195,34,34
1196,26,24
1197,30,29
1198,25,27
1199,26,26
1200,27,29
1201,29,24
1202,56,58
1203,29,27
1204,27,26
1205,56,69
1206,45,54
1207,50,48
1208,28,27
1209,34,40
1210,44,46
1211,54,80
1212,55,67
1213,28,34
1214,53,55
1215,24,26
1216,29,27
1217,0,0
1218,56,85
1219,31,34
1220,23,34
1221,13,13
1222,56,81
1223,19,14
1224,32,34
1225,25,24
1226,1,3
1227,56,96
1228,47,40
1229,47,55
1230,56,75
1231,45,34
1232,29,26
1233,21,13
1234,26,29
1235,30,27
1236,8,6
1237,30,26
1238,0,6
1239,27,26
1240,25,26
1241,27,31
1242,12,7
1243,25,23
1244,56,71
1245,26,24
1246,28,29
1247,0,1
1248,56,54
1249,55,75
1250,42,51
1251,28,35
1252,40,40
1253,29,24
1254,56,85
1255,20,17
1256,55,77
1257,37,34
1258,28,31
1259,25,26
1260,34,40
1261,50,81
1262,31,29
1263,29,31
1264,40,45
1265,43,38
1266,51,67
1267,26,26
1268,29,24
1269,54,59
1270,54,91
1271,28,21
1272,35,59
1273,54,59
1274,27,26
1275,32,34
1276,28,20
1277,27,24
1278,21,24
1279,17,15
1280,53,80
1281,54,55
1282,22,24
1283,52,49
1284,41,49
1285,27,32
1286,31,26
1287,27,27
1288,25,31
1289,31,35
1290,51,52
1291,30,35
1292,56,64
1293,25,26
1294,28,27
1295,48,80
1296,30,26
1297,34,34
1298,32,24
1299,56,64
1300,35,41
1301,27,21
1302,28,27
1303,0,0
1304,29,26
1305,0,0
1306,26,21
1307,53,63
1308,23,20
1309,27,26
1310,29,27
1311,26,31
1312,26,26
1313,28,24
1314,35,37
1315,19,20
1316,33,26
1317,23,37
1318,47,51
1319,28,21
1320,47,45
1321,26,27
1322,30,37
1323,36,31
1324,30,26
1325,16,10
1326,27,26
1327,52,40
1328,31,29
1329,56,74
1330,50,52
1331,28,29
1332,28,29
1333,27,26
1334,32,34
1335,52,71
1336,28,27
1337,22,17
1338,0,0
1339,29,26
1340,53,58
1341,36,26
1342,55,54
1343,28,24
1344,26,20
1345,42,29
1346,32,37
1347,31,31
1348,30,31
1349,22,23
1350,0,0
1351,39,35
1352,39,31
1353,30,34
1354,41,55
1355,21,17
1356,35,24
1357,41,48
1358,52,34
1359,54,52
1360,21,20
1361,24,20
1362,31,37
1363,41,40
1364,30,35
1365,42,45
1366,47,49
1367,14,12
1368,52,81
1369,0,0
1370,28,26
1371,56,64
1372,35,43
1373,37,58
1374,29,40
1375,47,49
1376,29,27
1377,27,26
1378,24,26
1379,30,34
1380,54,54
1381,20,20
1382,30,32
1383,55,58
1384,28,20
1385,30,35
1386,8,6
1387,25,20
1388,18,3
1389,30,24
1390,28,31
1391,26,24
1392,28,29
1393,28,27
1394,27,26
1395,54,104
1396,55,55
1397,27,20
1398,31,34
1399,26,23
1400,26,21
1401,27,37
1402,24,21
1403,53,38
1404,33,31
1405,29,32
1406,42,58
1407,28,26
1408,43,40
1409,56,64
1410,56,64
1411,56,49
1412,27,32
1413,56,68
1414,31,41
1415,12,7
1416,36,35
1417,33,31
1418,55,58
1419,0,5
1420,29,27
1421,30,32
1422,44,61
1423,54,61
1424,28,24
1425,40,34
1426,36,31
1427,42,46
1428,24,23
1429,5,1
1430,37,45
1431,52,52
1432,36,35
1433,26,27
1434,37,26
1435,52,55
1436,39,58
1437,4,1
1438,29,27
1439,30,29
1440,11,6
1441,31,29
1442,31,38
1443,35,37
1444,38,35
1445,28,26
1446,43,38
1447,39,65
1448,0,3
1449,8,1
1450,28,10
1451,29,26
1452,27,40
1453,18,12
1454,50,48
1455,54,71
1456,29,48
1457,30,29
1458,34,38
1459,29,29
1460,55,46
1461,39,58
1462,53,46
1463,0,1
1464,32,31
1465,45,58
1466,11,6
1467,56,43
1468,30,0
1469,37,46
1470,35,29
1471,28,31
1472,55,68
1473,26,26
1474,56,59
1475,40,17
1476,30,27
1477,32,8
1478,32,27
1479,47,46
1480,0,1
1481,9,12
1482,51,52
1483,54,64
1484,0,0
1485,32,29
1486,28,46
1487,30,27
1488,29,26
1489,30,27
1490,24,24
1491,29,6
1492,51,71
1493,27,26
1494,56,68
1495,28,24
1496,36,29
1497,52,69
1498,32,24
1499,54,58
1500,20,13
1501,29,26
1502,31,29
1503,39,26
1504,26,24
1505,35,37
1506,29,34
1507,30,32
1508,26,27
1509,0,0
1510,23,17
1511,36,46
1512,35,37
1513,0,3
1514,13,10
1515,24,26
1516,30,34
1517,42,26
1518,32,34
1519,50,77
1520,29,27
1521,56,64
1522,52,64
1523,56,68
1524,27,26
1525,35,37
1526,26,24
1527,48,45
1528,30,29
1529,56,62
1530,56,64
1531,40,34
1532,48,61
1533,24,55
1534,30,37
1535,46,69
1536,44,38
1537,38,40
1538,41,37
1539,43,27
1540,38,49
1541,55,52
1542,38,31
1543,56,85
1544,53,69
1545,56,49
1546,28,26
1547,45,68
1548,56,55
1549,33,34
1550,0,1
1551,0,0
1552,56,75
1553,21,21
1554,53,80
1555,22,20
1556,0,1
1557,33,40
1558,51,80
1559,40,35
1560,29,27
1561,31,40
1562,54,61
1563,56,61
1564,26,24
1565,24,26
1566,30,24
1567,53,24
1568,0,0
1569,56,63
1570,43,59
1571,26,24
1572,0,1
1573,23,18
1574,36,55
1575,0,3
1576,24,26
1577,30,24
1578,25,29
1579,32,61
1580,30,35
1581,28,23
1582,27,27
1583,38,35
1584,16,13
1585,47,55
1586,25,27
1587,39,40
1588,29,23
1589,53,58
1590,30,26
1591,30,34
1592,52,63
1593,0,0
1594,17,20
1595,57,81
1596,55,43
1597,37,40
1598,31,37
1599,40,45
1600,39,37
1601,30,29
1602,37,43
1603,31,26
1604,34,34
1605,27,34
1606,30,45
1607,25,18
1608,26,29
1609,32,35
1610,25,20
1611,57,81
1612,0,1
1613,41,38
1614,29,29
1615,24,20
1616,30,31
1617,56,81
1618,25,24
1619,35,26
1620,50,87
1621,30,34
1622,55,64
1623,32,31
1624,0,0
1625,14,13
1626,0,0
1627,0,0
1628,21,15
1629,53,45
1630,35,37
1631,25,27
1632,27,41
1633,48,73
1634,41,38
1635,28,29
1636,28,29
1637,29,40
1638,36,41
1639,38,41
1640,39,34
1641,32,31
1642,50,64
1643,31,17
1644,0,0
1645,56,73
1646,0,0
1647,37,38
1648,30,14
1649,37,34
1650,48,49
1651,29,35
1652,30,27
1653,25,26
1654,27,27
1655,26,24
1656,38,37
1657,25,14
1658,33,52
1659,39,26
1660,33,34
1661,56,61
1662,36,27
1663,29,29
1664,5,1
1665,27,26
1666,30,27
1667,25,24
1668,21,17
1669,30,37
1670,13,10
1671,30,27
1672,24,21
1673,28,26
1674,55,61
1675,56,55
1676,40,37
1677,29,40
1678,18,12
1679,24,23
1680,0,0
1681,42,37
1682,36,49
1683,7,10
1684,35,17
1685,24,18
1686,51,69
1687,56,69
1688,30,26
1689,19,6
1690,56,92
1691,27,29
1692,55,49
1693,22,20
1694,56,55
1695,25,24
1696,22,24
1697,26,65
1698,27,26
1699,0,3
1700,23,23
1701,50,49
1702,28,29
1703,8,8
1704,54,59
1705,26,26
1706,37,24
1707,27,26
1708,30,26
1709,56,80
1710,52,59
1711,27,27
1712,28,41
1713,32,38
1714,30,26
1715,55,64
1716,29,37
1717,56,67
1718,26,24
1719,30,34
1720,0,0
1721,0,6
1722,9,5
1723,31,34
1724,27,24
1725,29,27
1726,0,0
1727,28,24
1728,40,49
1729,55,80
1730,29,34
1731,26,20
1732,28,26
1733,0,0
1734,39,40
1735,27,26
1736,47,41
1737,24,24
1738,22,24
1739,54,59
1740,27,27
1741,29,29
1742,31,27
1743,28,26
1744,53,55
1745,24,18
1746,7,7
1747,56,67
1748,26,24
1749,27,27
1750,0,6
1751,29,31
1752,0,0
1753,56,90
1754,56,79
1755,21,17
1756,19,15
1757,52,52
1758,0,3
1759,40,38
1760,28,24
1761,26,24
1762,44,43
1763,56,64
1764,40,46
1765,51,46
1766,56,85
1767,30,31
1768,18,15
1769,52,49
1770,51,52
1771,4,1
1772,19,21
1773,25,27
1774,35,29
1775,30,15
1776,30,29
1777,36,34
1778,29,35
1779,25,27
1780,36,31
1781,45,64
1782,56,65
1783,24,21
1784,27,29
1785,57,96
1786,27,26
1787,0,3
1788,0,0
1789,26,20
1790,29,29
1791,31,45
1792,17,13
1793,23,26
1794,13,10
1795,37,37
1796,31,26
1797,40,20
1798,44,52
1799,31,29
1800,25,17
1801,38,31
1802,32,34
1803,29,26
1804,0,0
1805,35,37
1806,50,54
1807,35,29
1808,41,55
1809,31,31
1810,28,26
1811,43,38
1812,25,12
1813,0,0
1814,47,68
1815,56,55
1816,45,49
1817,26,26
1818,34,37
1819,25,26
1820,0,5
1821,22,29
1822,55,55
1823,41,35
1824,54,75
1825,29,37
1826,41,38
1827,24,24
1828,29,26
1829,27,26
1830,56,85
1831,27,27
1832,28,27
1833,32,45
1834,27,23
1835,52,52
1836,21,20
1837,56,85
1838,42,45
1839,26,24
1840,29,31
1841,25,17
1842,49,58
1843,0,3
1844,29,34
1845,3,1
1846,56,71
1847,36,29
1848,25,24
1849,27,24
1850,56,70
1851,30,26
1852,25,18
1853,32,27
1854,29,24
1855,12,0
1856,0,0
1857,33,34
1858,27,24
1859,26,24
1860,27,26
1861,23,21
1862,29,29
1863,51,71
1864,32,34
1865,55,54
1866,29,29
1867,46,46
1868,17,0
1869,55,46
1870,27,27
1871,28,31
1872,9,3
1873,48,45
1874,1,3
1875,26,24
1876,37,34
1877,37,34
1878,51,55
1879,53,69
1880,28,26
1881,49,59
1882,50,45
1883,25,24
1884,30,40
1885,25,17
1886,56,40
1887,7,5
1888,56,65
1889,44,43
1890,28,26
1891,3,7
1892,27,21
1893,38,13
1894,0,3
1895,53,61
1896,12,8
1897,27,27
1898,11,13
1899,26,27
1900,41,38
1901,29,29
1902,37,37
1903,49,31
1904,30,26
1905,52,52
1906,30,27
1907,24,23
1908,25,24
1909,25,27
1910,39,38
1911,25,31
1912,44,49
1913,27,29
1914,43,46
1915,43,54
1916,52,75
1917,25,24
1918,55,58
1919,29,24
1920,55,55
1921,54,45
1922,25,26
1923,22,20
1924,29,38
1925,29,29
1926,27,27
1927,27,27
1928,31,34
1929,30,20
1930,22,8
1931,25,31
1932,31,29
1933,10,0
1934,30,13
1935,30,32
1936,23,26
1937,21,35
1938,56,96
1939,31,64
1940,28,26
1941,21,12
1942,34,37
1943,34,61
1944,34,37
1945,24,24
1946,52,82
1947,28,34
1948,55,55
1949,31,40
1950,33,35
1951,30,29
1952,0,6
1953,32,46
1954,20,13
1955,57,92
1956,28,29
1957,52,54
1958,53,49
1959,46,45
1960,31,41
1961,38,41
1962,5,3
1963,28,26
1964,35,38
1965,5,1
1966,17,17
1967,29,59
1968,29,37
1969,20,15
1970,55,62
1971,34,52
1972,23,26
1973,0,6
1974,30,27
1975,32,26
1976,36,49
1977,29,26
1978,38,37
1979,27,26
1980,21,17
1981,54,64
1982,4,7
1983,27,26
1984,30,35
1985,26,26
1986,26,27
1987,16,12
1988,30,34
1989,24,20
1990,30,29
1991,47,40
1992,41,46
1993,41,35
1994,34,58
1995,51,52
1996,26,24
1997,56,69
1998,33,34
1999,10,7
2000,56,75
2001,29,31
2002,32,27
2003,32,34
2004,27,34
2005,26,29
2006,29,26
2007,55,64
2008,41,46
2009,26,31
2010,29,27
2011,56,35
2012,31,34
2013,22,24
2014,29,35
2015,10,7
2016,27,24
2017,33,23
2018,28,26
2019,29,26
2020,40,24
2021,33,34
2022,27,26
2023,28,27
2024,56,77
2025,41,45
2026,38,45
2027,56,48
2028,53,69
2029,24,23
2030,48,69
2031,25,59
2032,30,29
2033,21,24
2034,56,67
2035,55,54
2036,30,31
2037,31,31
2038,29,27
2039,29,27
2040,31,34
2041,38,38
2042,28,29
2043,27,27
2044,21,24
2045,55,75
2046,30,24
2047,25,26
2048,27,27
2049,29,29
2050,22,24
2051,0,0
2052,0,0
2053,56,77
2054,26,24
2055,0,0
2056,54,52
2057,38,27
2058,32,29
2059,36,37
2060,48,55
2061,56,63
2062,47,45
2063,44,45
2064,0,6
2065,26,24
2066,39,55
2067,37,43
2068,28,17
2069,13,8
2070,46,69
2071,36,34
2072,29,26
2073,27,31
2074,23,23
2075,43,46
2076,27,34
2077,30,20
2078,51,54
2079,16,14
2080,30,26
2081,41,34
2082,29,27
2083,20,20
2084,28,27
2085,26,37
2086,28,37
2087,6,0
2088,56,63
2089,0,0
2090,28,27
2091,48,57
2092,0,1
2093,18,17
2094,46,46
2095,49,49
2096,34,31
2097,28,27
2098,35,34
2099,46,51
2100,25,29
2101,22,20
2102,29,26
2103,46,45
2104,29,26
2105,48,85
2106,28,27
2107,24,23
2108,31,37
2109,30,31
2110,29,27
2111,0,0
2112,34,35
2113,2,1
2114,7,10
2115,26,23
2116,40,40
2117,32,29
2118,29,29
2119,28,27
2120,43,58
2121,22,20
2122,55,58
2123,28,27
2124,5,10
2125,35,34
2126,37,35
2127,43,45
2128,27,29
2129,0,0
2130,0,1
2131,27,26
2132,0,0
2133,24,24
2134,43,43
2135,29,26
2136,36,0
2137,43,40
2138,56,64
2139,28,24
2140,23,23
2141,22,23
2142,28,37
2143,25,24
2144,56,49
2145,51,67
2146,57,85
2147,48,49
2148,28,29
2149,39,27
2150,29,34
2151,25,21
2152,44,46
2153,13,12
2154,30,27
2155,37,31
2156,28,23
2157,19,31
2158,24,24
2159,31,29
2160,39,40
2161,29,26
2162,22,24
2163,25,24
2164,0,0
2165,48,35
2166,27,29
2167,31,27
2168,54,73
2169,48,52
2170,30,29
2171,17,10
2172,26,14
2173,30,26
2174,23,20
2175,56,59
2176,30,24
2177,30,26
2178,56,68
2179,29,26
2180,12,8
2181,24,24
2182,42,52
2183,55,77
2184,4,0
2185,0,1
2186,48,43
2187,25,26
2188,25,27
2189,54,62
2190,54,54
2191,32,24
2192,23,27
2193,28,31
2194,31,34
2195,25,31
2196,29,27
2197,39,40
2198,51,69
2199,39,34
2200,0,3
2201,43,64
2202,29,35
2203,30,34
2204,23,17
2205,22,10
2206,56,62
2207,36,37
2208,28,26
2209,27,12
2210,0,1
2211,27,31
2212,27,26
2213,16,5
2214,47,40
2215,24,17
2216,0,0
2217,33,49
2218,40,35
2219,29,34
2220,26,20
2221,19,10
2222,53,52
2223,34,40
2224,26,26
2225,29,26
2226,0,1
2227,25,21
2228,54,76
2229,27,20
2230,47,29
2231,32,27
2232,56,85
2233,0,0
2234,56,52
2235,36,45
2236,28,27
2237,38,29
2238,26,27
2239,28,37
2240,43,48
2241,52,73
2242,55,59
2243,54,61
2244,27,26
2245,25,24
2246,54,55
2247,28,26
2248,4,6
2249,30,26
2250,29,27
2251,25,26
2252,7,7
2253,27,27
2254,12,8
2255,26,29
2256,7,7
2257,30,27
2258,26,26
2259,31,40
2260,34,31
2261,47,75
2262,26,27
2263,52,52
2264,27,23
2265,33,34
2266,0,3
2267,53,54
2268,55,86
2269,37,38
2270,56,64
2271,26,24
2272,49,55
2273,35,34
2274,26,26
2275,23,21
2276,31,40
2277,41,46
2278,56,71
2279,26,24
2280,20,24
2281,24,26
2282,18,14
2283,35,34
2284,0,0
2285,31,45
2286,33,34
2287,35,41
2288,21,27
2289,26,26
2290,26,38
2291,38,38
2292,27,14
2293,56,62
2294,29,34
2295,53,49
2296,31,26
2297,1,7
2298,56,55
2299,0,0
2300,52,54
2301,47,57
2302,30,29
2303,28,31
2304,38,29
2305,56,52
2306,19,23
2307,31,29
2308,26,24
2309,30,23
2310,53,69
2311,15,7
2312,55,52
2313,28,24
2314,54,54
2315,54,68
2316,37,37
2317,50,52
2318,42,45
2319,31,27
2320,0,0
2321,10,10
2322,25,27
2323,25,26
2324,32,31
2325,33,34
2326,31,41
2327,55,64
2328,57,85
2329,28,29
2330,49,45
2331,53,55
2332,0,0
2333,0,3
2334,52,69
2335,28,23
2336,45,68
2337,55,59
2338,55,63
2339,25,24
2340,28,27
2341,25,31
2342,28,14
2343,28,34
2344,26,26
2345,18,13
2346,34,20
2347,25,26
2348,27,24
2349,35,41
2350,55,61
2351,24,26
2352,31,48
2353,31,20
2354,51,52
2355,36,35
2356,52,49
2357,28,29
2358,24,20
2359,56,85
2360,30,34
2361,6,5
2362,52,51
2363,24,23
2364,35,38
2365,5,7
2366,26,29
2367,27,26
2368,28,26
2369,34,27
2370,46,46
2371,26,29
2372,34,37
2373,26,27
2374,22,17
2375,57,90
2376,48,51
2377,33,34
2378,3,6
2379,28,27
2380,25,23
2381,24,24
2382,26,23
2383,15,5
2384,55,71
2385,56,55
2386,24,20
2387,30,29
2388,56,55
2389,41,31
2390,23,20
2391,3,0
2392,31,27
2393,47,35
2394,26,24
2395,46,49
2396,40,26
2397,46,46
2398,44,45
2399,54,64
2400,40,45
2401,23,26
2402,36,40
2403,33,29
2404,49,85
2405,53,69
2406,25,26
2407,47,46
2408,36,37
2409,36,37
2410,25,27
2411,32,29
2412,50,55
2413,39,37
2414,23,21
2415,35,45
2416,33,37
2417,0,1
2418,27,21
2419,52,55
2420,34,24
2421,18,3
2422,30,37
2423,49,52
2424,56,52
2425,27,27
2426,56,80
2427,30,34
2428,27,18
2429,30,26
2430,38,55
2431,0,0
2432,29,29
2433,17,14
2434,30,48
2435,24,26
2436,28,35
2437,0,1
2438,56,70
2439,46,49
2440,33,29
2441,44,37
2442,36,34
2443,25,26
2444,28,31
2445,41,43
2446,27,27
2447,0,3
2448,10,13
2449,30,34
2450,21,26
2451,25,23
2452,21,20
2453,24,24
2454,45,38
2455,53,49
2456,18,17
2457,42,41
2458,30,31
2459,54,58
2460,0,5
2461,38,40
2462,57,85
2463,29,20
2464,0,3
2465,49,29
2466,28,26
2467,6,0
2468,28,31
2469,29,20
2470,56,59
2471,31,24
2472,24,23
2473,30,31
2474,54,88
2475,56,69
2476,35,37
2477,29,26
2478,0,5
2479,30,31
2480,23,26
2481,25,24
2482,38,35
2483,56,80
2484,33,29
2485,41,61
2486,48,37
2487,25,26
2488,41,27
2489,15,6
2490,55,46
2491,22,20
2492,25,24
2493,33,46
2494,26,27
2495,56,85
2496,25,26
2497,29,31
2498,51,49
2499,43,46
2500,29,31
2501,26,23
2502,27,29
2503,0,0
2504,37,37
2505,29,35
2506,0,3
2507,44,54
2508,29,31
2509,38,41
2510,0,0
2511,29,27
2512,31,27
2513,53,26
2514,27,31
2515,56,48
2516,23,23
2517,25,24
2518,18,7
2519,56,75
2520,42,26
2521,26,20
2522,28,34
2523,45,61
2524,30,27
2525,29,52
2526,35,15
2527,54,77
2528,54,55
2529,28,23
2530,28,20
2531,22,24
2532,27,24
2533,55,67
2534,54,81
2535,13,8
2536,47,40
2537,28,26
2538,38,37
2539,27,31
2540,11,10
2541,25,17
2542,24,20
2543,28,29
2544,28,27
2545,33,34
2546,30,24
2547,17,17
2548,46,43
2549,37,37
2550,40,35
2551,46,43
2552,9,7
2553,0,0
2554,0,0
2555,26,31
2556,29,26
2557,39,45
2558,27,29
2559,0,0
2560,53,71
2561,18,17
2562,46,55
2563,9,7
2564,38,34
2565,50,40
2566,28,27
2567,56,54
2568,30,31
2569,52,59
2570,27,24
2571,27,26
2572,38,40
2573,48,69
2574,56,86
2575,29,26
2576,56,70
2577,0,3
2578,28,6
2579,28,26
2580,0,0
2581,26,27
2582,56,52
2583,42,37
2584,24,29
2585,56,75
2586,27,24
2587,26,26
2588,26,24
2589,42,51
2590,27,24
2591,36,31
2592,26,24
2593,26,23
2594,52,55
2595,31,31
2596,51,55
2597,30,34
2598,28,29
2599,38,31
2600,19,6
2601,34,34
2602,21,24
2603,44,45
2604,27,29
2605,28,45
2606,0,3
2607,11,0
2608,47,45
2609,21,20
2610,16,17
2611,55,58
2612,35,31
2613,27,29
2614,37,29
2615,23,14
2616,49,58
2617,0,0
2618,47,59
2619,27,24
2620,56,80
2621,20,7
2622,26,26
2623,25,21
2624,47,45
2625,29,29
2626,10,3
2627,32,31
2628,33,35
2629,18,14
2630,54,52
2631,34,38
2632,28,24
2633,54,52
2634,24,31
2635,30,29
2636,34,35
2637,0,8
2638,56,59
2639,45,41
2640,26,27
2641,17,20
2642,30,31
2643,37,20
2644,30,37
2645,28,26
2646,55,46
2647,27,27
2648,0,1
2649,28,26
2650,26,24
2651,43,76
2652,3,0
2653,56,69
2654,17,15
2655,28,26
2656,7,7
2657,30,34
2658,28,14
2659,0,1
2660,33,35
2661,56,74
2662,30,35
2663,29,27
2664,25,18
2665,28,26
2666,56,67
2667,27,21
2668,31,34
2669,19,17
2670,36,34
2671,17,15
2672,30,31
2673,44,43
2674,37,40
2675,47,45
2676,22,10
2677,26,26
2678,43,45
2679,28,24
2680,26,26
2681,25,27
2682,16,27
2683,50,58
2684,30,34
2685,27,26
2686,0,0
2687,28,26
2688,56,45
2689,32,34
2690,26,24
2691,28,24
2692,39,41
2693,29,24
2694,13,12
2695,25,26
2696,28,31
2697,26,20
2698,28,55
2699,53,40
2700,34,27
2701,26,27
2702,50,87
2703,29,26
2704,30,40
2705,51,54
2706,10,5
2707,27,37
2708,56,90
2709,52,52
2710,26,29
2711,32,34
2712,27,24
2713,27,24
2714,28,24
2715,31,37
2716,48,32
2717,26,21
2718,29,31
2719,48,49
2720,38,41
2721,30,29
2722,34,31
2723,28,29
2724,49,51
2725,29,27
2726,52,55
2727,4,3
2728,23,24
2729,27,27
2730,35,27
2731,37,35
2732,29,26
2733,53,55
2734,37,34
2735,7,8
2736,35,26
2737,41,49
2738,26,27
2739,24,29
2740,25,24
2741,48,49
2742,27,27
2743,55,69
2744,26,24
2745,29,37
2746,40,29
2747,56,59
2748,56,81
2749,55,61
2750,7,6
2751,30,31
2752,2,0
2753,30,27
2754,55,52
2755,18,7
2756,28,24
2757,28,32
2758,57,85
2759,23,20
2760,38,45
2761,45,35
2762,40,45
2763,52,58
2764,29,35
2765,30,31
2766,32,35
2767,56,61
2768,27,29
2769,11,12
2770,55,54
2771,55,55
2772,30,37
2773,35,35
2774,54,49
2775,23,20
2776,29,27
2777,20,31
2778,12,10
2779,29,29
2780,0,3
2781,0,3
2782,56,59
2783,27,17
2784,0,0
2785,29,46
2786,27,40
2787,56,52
2788,27,26
2789,30,27
2790,47,45
2791,55,77
2792,34,34
2793,25,27
2794,25,24
2795,28,29
2796,28,24
2797,0,8
2798,27,38
2799,30,35
2800,23,17
2801,24,26
2802,25,23
2803,26,26
2804,27,26
2805,41,20
2806,38,37
2807,51,48
2808,30,54
2809,30,34
2810,21,27
2811,21,13
2812,0,0
2813,48,61
2814,39,29
2815,29,34
2816,29,27
2817,0,3
2818,25,24
2819,30,34
2820,27,27
2821,29,43
2822,29,29
2823,26,24
2824,27,26
2825,29,31
2826,12,13
2827,13,3
2828,19,15
2829,0,0
2830,27,24
2831,56,99
2832,52,55
2833,29,26
2834,39,41
2835,56,62
2836,51,40
2837,2,1
2838,7,3
2839,49,55
2840,25,26
2841,30,27
2842,43,52
2843,22,23
2844,56,65
2845,28,29
2846,19,17
2847,32,49
2848,29,29
2849,56,96
2850,19,15
2851,55,52
2852,24,20
2853,44,64
2854,27,54
2855,30,29
2856,31,31
2857,0,3
2858,26,26
2859,0,0
2860,47,68
2861,27,24
2862,43,52
2863,28,26
2864,40,46
2865,55,67
2866,46,49
2867,18,15
2868,30,29
2869,44,43
2870,18,17
2871,17,12
2872,30,29
2873,30,37
2874,25,24
2875,25,26
2876,34,37
2877,23,17
2878,40,37
2879,30,27
2880,27,24
2881,56,69
2882,33,29
2883,34,31
2884,30,24
2885,30,49
2886,44,48
2887,53,64
2888,29,34
2889,0,1
2890,40,73
2891,40,40
2892,6,1
2893,48,49
2894,3,1
2895,45,75
2896,26,24
2897,40,45
2898,27,27
2899,26,49
2900,53,58
2901,50,54
2902,26,21
2903,56,87
2904,25,21
2905,35,34
2906,40,40
2907,54,61
2908,28,26
2909,28,35
2910,11,8
2911,54,77
2912,5,6
2913,34,24
2914,54,68
2915,17,21
2916,2,3
2917,24,24
2918,56,75
2919,30,34
2920,14,14
2921,24,26
2922,25,20
2923,24,24
2924,28,26
2925,30,29
2926,17,20
2927,25,24
2928,23,34
2929,11,3
2930,14,17
2931,48,54
2932,29,37
2933,0,0
2934,26,27
2935,29,26
2936,23,13
2937,18,7
2938,39,43
2939,19,7
2940,13,20
2941,38,37
2942,25,27
2943,27,29
2944,26,26
2945,36,37
2946,31,29
2947,15,13
2948,17,15
2949,31,34
2950,43,55
2951,31,20
2952,18,7
2953,50,64
2954,0,0
2955,16,13
2956,29,26
2957,53,80
2958,36,29
2959,42,63
2960,17,10
2961,54,57
2962,26,26
2963,0,3
2964,29,34
2965,27,29
2966,48,37
2967,41,59
2968,51,59
2969,45,57
2970,35,26
2971,56,52
2972,41,41
2973,29,29
2974,30,26
2975,35,37
2976,10,10
2977,22,18
2978,39,48
2979,48,80
2980,0,0
2981,27,34
2982,50,51
2983,24,21
2984,0,3
2985,30,34
2986,47,55
2987,37,40
2988,50,45
2989,7,13
2990,29,34
2991,54,59
2992,30,26
2993,14,6
2994,40,40
2995,16,14
2996,29,29
2997,56,77
2998,38,40
2999,21,20
3000,40,38
3001,56,40
3002,26,26
3003,28,34
3004,20,10
3005,0,1
3006,56,88
3007,28,24
3008,21,15
3009,25,26
3010,33,27
3011,0,0
3012,25,21
3013,28,27
3014,24,3
3015,15,12
3016,24,26
3017,27,15
3018,40,34
3019,30,26
3020,0,1
3021,22,24
3022,49,65
3023,28,27
3024,47,49
3025,29,29
3026,56,58
3027,23,23
3028,27,26
3029,27,24
3030,33,38
3031,38,34
3032,34,38
3033,27,24
3034,37,34
3035,52,52
3036,22,24
3037,0,1
3038,52,80
3039,11,1
3040,36,37
3041,48,49
3042,52,77
3043,13,13
3044,47,81
3045,0,0
3046,26,24
3047,32,37
3048,0,0
3049,43,41
3050,56,80
3051,26,24
3052,27,26
3053,30,31
3054,30,31
3055,23,27
3056,30,29
3057,36,34
3058,34,35
3059,39,46
3060,27,24
3061,53,48
3062,23,14
3063,38,61
3064,56,49
3065,0,0
3066,56,94
3067,27,27
3068,31,31
3069,29,27
3070,29,26
3071,31,26
3072,55,52
3073,27,29
3074,29,26
3075,27,24
3076,35,27
3077,52,40
3078,18,0
3079,28,23
3080,44,45
3081,26,26
3082,41,35
3083,32,34
3084,55,58
3085,25,20
3086,30,34
3087,26,27
3088,24,23
3089,35,37
3090,10,0
3091,49,26
3092,0,3
3093,28,20
3094,32,88
3095,56,77
3096,46,24
3097,0,3
3098,33,26
3099,52,57
3100,0,1
3101,9,6
3102,1,3
3103,28,24
3104,28,24
3105,45,52
3106,56,55
3107,28,27
3108,44,34
3109,31,26
3110,33,32
3111,55,69
3112,47,75
3113,29,26
3114,30,26
3115,30,35
3116,30,34
3117,10,7
3118,46,55
3119,11,7
3120,56,58
3121,31,27
3122,38,52
3123,30,26
3124,31,31
3125,55,87
3126,34,29
3127,27,10
3128,41,46
3129,55,59
3130,35,34
3131,56,80
3132,41,43
3133,23,21
3134,0,3
3135,31,24
3136,54,58
3137,27,29
3138,34,31
3139,41,40
3140,30,29
3141,34,34
3142,26,26
3143,56,52
3144,31,23
3145,29,31
3146,23,7
3147,11,14
3148,44,38
3149,32,24
3150,37,43
3151,54,31
3152,29,26
3153,26,15
3154,51,59
3155,56,65
3156,41,43
3157,55,55
3158,0,0
3159,27,24
3160,41,52
3161,38,26
3162,36,69
3163,44,46
3164,56,62
3165,26,24
3166,42,27
3167,36,55
3168,47,61
3169,26,27
3170,1,0
3171,15,5
3172,46,52
3173,55,63
3174,27,38
3175,55,68
3176,30,20
3177,57,77
3178,37,35
3179,45,40
3180,30,26
3181,45,48
3182,25,26
3183,28,26
3184,27,23
3185,25,26
3186,40,29
3187,27,24
3188,40,37
3189,25,26
3190,56,85
3191,52,57
3192,33,31
3193,26,26
3194,54,52
3195,41,38
3196,30,29
3197,25,20
3198,22,24
3199,53,55
3200,24,27
3201,9,3
3202,26,20
3203,0,0
3204,40,57
3205,28,24
3206,0,0
3207,55,49
3208,29,20
3209,27,27
3210,0,0
3211,24,26
3212,25,26
3213,36,34
3214,55,68
3215,30,27
3216,20,14
3217,28,23
3218,0,1
3219,42,34
3220,31,31
3221,55,75
3222,4,3
3223,30,26
3224,27,29
3225,55,58
3226,28,29
3227,22,24
3228,29,34
3229,29,27
3230,30,29
3231,28,31
3232,32,26
3233,37,37
3234,33,34
3235,31,31
3236,42,43
3237,29,26
3238,46,49
3239,22,26
3240,57,75
3241,0,1
3242,35,34
3243,28,27
3244,34,34
3245,37,37
3246,28,3
3247,23,31
3248,30,26
3249,55,58
3250,56,67
3251,25,23
3252,0,5
3253,52,49
3254,0,0
3255,32,34
3256,56,69
3257,57,88
3258,26,26
3259,34,37
3260,23,24
3261,23,24
3262,25,34
3263,12,8
3264,49,49
3265,34,26
3266,30,21
3267,24,27
3268,36,38
3269,47,52
3270,32,26
3271,34,35
3272,45,41
3273,0,3
3274,22,23
3275,29,29
3276,27,34
3277,25,13
3278,40,35
3279,41,45
3280,31,31
3281,20,18
3282,51,52
3283,29,26
3284,28,34
3285,0,1
3286,24,20
3287,0,3
3288,26,29
3289,34,32
3290,0,1
3291,56,52
3292,50,48
3293,27,31
3294,0,0
3295,33,34
3296,23,35
3297,1,0
3298,31,49
3299,26,27
3300,29,26
3301,28,24
3302,37,26
3303,28,31
3304,28,12
3305,0,0
3306,34,40
3307,34,32
3308,49,45
3309,56,41
3310,32,31
3311,30,29
3312,35,31
3313,20,23
3314,27,29
3315,35,27
3316,32,31
3317,24,24
3318,54,86
3319,35,35
3320,0,0
3321,27,26
3322,56,69
3323,26,20
3324,29,31
3325,28,29
3326,30,26
3327,20,24
3328,8,1
3329,15,5
3330,28,27
3331,28,27
3332,1,5
3333,55,55
3334,23,24
3335,19,17
3336,53,52
3337,27,24
3338,29,26
3339,50,43
3340,37,37
3341,51,52
3342,49,65
3343,25,26
3344,55,54
3345,0,5
3346,46,37
3347,7,5
3348,34,29
3349,25,15
3350,56,81
3351,9,12
3352,22,27
3353,22,20
3354,9,6
3355,45,45
3356,41,46
3357,27,21
3358,40,40
3359,54,29
3360,38,26
3361,6,6
3362,52,79
3363,56,63
3364,53,31
3365,56,69
3366,56,88
3367,23,26
3368,15,13
3369,31,67
3370,0,0
3371,56,85
3372,24,24
3373,43,62
3374,37,55
3375,51,38
3376,30,34
3377,28,34
3378,30,37
3379,36,26
3380,30,24
3381,27,31
3382,25,24
3383,0,0
3384,2,1
3385,42,58
3386,56,63
3387,0,0
3388,56,75
3389,44,31
3390,32,38
3391,22,14
3392,22,3
3393,42,68
3394,28,26
3395,4,5
3396,43,55
3397,38,38
3398,23,24
3399,37,38
3400,51,55
3401,34,35
3402,53,63
3403,23,27
3404,30,34
3405,32,26
3406,26,24
3407,33,35
3408,28,27
3409,34,34
3410,37,40
3411,30,29
3412,36,34
3413,27,31
3414,56,55
3415,34,24
3416,26,24
3417,24,27
3418,30,27
3419,32,34
3420,41,61
3421,47,45
3422,48,62
3423,55,63
3424,28,26
3425,56,75
3426,27,26
3427,35,34
3428,56,59
3429,17,17
3430,56,59
3431,28,29
3432,27,24
3433,31,27
3434,27,27
3435,34,14
3436,36,58
3437,28,31
3438,29,34
3439,38,26
3440,0,7
3441,0,1
3442,28,31
3443,25,27
3444,42,48
3445,20,6
3446,0,0
3447,30,24
3448,23,13
3449,54,63
3450,41,37
3451,40,77
3452,25,27
3453,15,12
3454,29,23
3455,29,27
3456,16,10
3457,28,29
3458,28,29
3459,4,6
3460,46,64
3461,48,48
3462,0,12
3463,56,86
3464,29,34
3465,21,20
3466,30,27
3467,56,49
3468,56,85
3469,35,37
3470,30,40
3471,54,58
3472,29,27
3473,45,43
3474,26,26
3475,25,26
3476,35,45
3477,30,29
3478,51,55
3479,29,31
3480,31,31
3481,23,24
3482,27,27
3483,5,1
3484,31,32
3485,42,45
3486,28,31
3487,57,85
3488,52,92
3489,26,35
3490,0,0
3491,1,3
3492,56,64
3493,0,3
3494,30,35
3495,31,34
3496,30,34
3497,52,57
3498,26,27
3499,47,46
3500,39,41
3501,50,49
3502,24,23
3503,0,1
3504,40,40
3505,29,29
3506,40,54
3507,41,40
3508,42,57
3509,40,49
3510,54,64
3511,27,29
3512,46,58
3513,31,43
3514,29,26
3515,29,34
3516,17,6
3517,26,24
3518,20,20
3519,27,24
3520,29,24
3521,24,26
3522,0,0
3523,29,26
3524,35,26
3525,38,29
3526,10,7
3527,27,27
3528,33,34
3529,0,0
3530,22,24
3531,43,54
3532,27,17
3533,25,23
3534,49,34
3535,28,26
3536,31,31
3537,27,37
3538,29,26
3539,31,35
3540,31,31
3541,33,29
3542,56,80
3543,27,29
3544,28,31
3545,51,49
3546,29,29
3547,53,64
3548,25,31
3549,6,7
3550,0,1
3551,0,3
3552,43,45
3553,35,40
3554,25,6
3555,40,34
3556,44,73
3557,26,24
3558,0,1
3559,44,46
3560,55,61
3561,30,31
3562,30,17
3563,11,7
3564,20,18
3565,36,24
3566,17,17
3567,28,27
3568,30,34
3569,38,31
3570,0,0
3571,12,1
3572,0,7
3573,15,23
3574,26,26
3575,38,63
3576,55,29
3577,29,27
3578,34,37
3579,20,21
3580,31,40
3581,25,26
3582,47,41
3583,45,45
3584,46,46
3585,27,54
3586,25,26
3587,56,71
3588,40,45
3589,25,37
3590,0,0
3591,39,8
3592,30,27
3593,55,55
3594,0,0
3595,20,20
3596,26,26
3597,26,20
3598,0,3
3599,36,13
3600,40,34
3601,55,55
3602,27,26
3603,26,26
3604,12,6
3605,30,27
3606,23,24
3607,43,40
3608,45,43
3609,25,26
3610,51,69
3611,27,23
3612,21,20
3613,33,67
3614,11,6
3615,53,52
3616,51,68
3617,0,0
3618,47,35
3619,26,26
3620,31,34
3621,50,49
3622,0,1
3623,13,7
3624,56,64
3625,16,20
3626,10,7
3627,37,35
3628,0,0
3629,29,31
3630,29,26
3631,53,58
3632,55,64
3633,42,38
3634,54,52
3635,56,67
3636,25,20
3637,41,75
3638,26,24
3639,28,27
3640,0,3
3641,41,37
3642,46,43
3643,30,35
3644,15,8
3645,27,14
3646,27,24
3647,26,29
3648,47,52
3649,0,6
3650,31,26
3651,32,34
3652,36,34
3653,50,64
3654,28,27
3655,54,54
3656,0,6
3657,56,51
3658,25,3
3659,26,35
3660,44,37
3661,38,61
3662,56,49
3663,50,40
3664,23,27
3665,54,54
3666,26,26
3667,45,54
3668,46,43
3669,23,23
3670,29,32
3671,29,6
3672,26,7
3673,33,27
3674,30,29
3675,1,5
3676,31,52
3677,23,26
3678,33,34
3679,55,79
3680,53,63
3681,20,27
3682,34,31
3683,29,27
3684,27,24
3685,30,26
3686,0,3
3687,28,24
3688,25,3
3689,44,41
3690,28,27
3691,29,27
3692,38,49
3693,53,55
3694,32,34
3695,6,6
3696,55,69
3697,23,26
3698,26,24
3699,56,85
3700,25,14
3701,56,52
3702,17,12
3703,38,34
3704,24,23
3705,43,43
3706,55,52
3707,36,26
3708,37,37
3709,49,52
3710,26,17
3711,44,46
3712,27,34
3713,54,75
3714,46,41
3715,28,34
3716,31,27
3717,0,5
3718,50,58
3719,47,37
3720,30,24
3721,52,55
3722,49,52
3723,49,51
3724,29,27
3725,28,29
3726,54,64
3727,0,3
3728,35,40
3729,50,35
3730,27,23
3731,54,58
3732,51,14
3733,24,21
3734,24,27
3735,27,26
3736,27,26
3737,26,26
3738,25,24
3739,0,0
3740,55,52
3741,28,27
3742,21,20
3743,37,59
3744,56,58
3745,23,23
3746,0,0
3747,47,49
3748,31,26
3749,17,1
3750,30,37
3751,0,8
3752,54,58
3753,32,34
3754,24,26
3755,55,87
3756,8,5
3757,55,58
3758,29,29
3759,27,26
3760,50,83
3761,37,31
3762,11,10
3763,31,34
3764,26,24
3765,22,21
3766,55,67
3767,30,31
3768,29,34
3769,30,21
3770,34,40
3771,26,23
3772,26,29
3773,31,34
3774,14,7
3775,55,58
3776,29,17
3777,38,38
3778,29,27
3779,51,75
3780,29,34
3781,27,27
3782,29,27
3783,47,55
3784,44,52
3785,38,43
3786,31,27
3787,36,65
3788,48,52
3789,0,0
3790,33,27
3791,45,3
3792,34,43
3793,29,20
3794,27,27
3795,36,31
3796,29,34
3797,30,29
3798,27,26
3799,28,34
3800,20,3
3801,56,73
3802,38,37
3803,37,34
3804,0,1
3805,28,27
3806,30,34
3807,29,27
3808,53,63
3809,25,24
3810,41,41
3811,54,58
3812,28,34
3813,35,37
3814,30,34
3815,40,55
3816,51,51
3817,28,29
3818,30,26
3819,43,45
3820,36,40
3821,36,29
3822,23,20
3823,41,43
3824,38,34
3825,0,1
3826,36,40
3827,12,6
3828,32,26
3829,56,64
3830,30,31
3831,25,27
3832,30,34
3833,21,24
3834,28,26
3835,50,52
3836,27,26
3837,34,27
3838,23,20
3839,29,26
3840,19,17
3841,27,20
3842,56,70
3843,51,69
3844,25,24
3845,13,3
3846,56,55
3847,25,24
3848,35,46
3849,39,35
3850,16,13
3851,47,55
3852,2,5
3853,32,40
3854,55,57
3855,56,59
3856,37,37
3857,44,57
3858,54,67
3859,36,35
3860,29,29
3861,29,27
3862,29,24
3863,53,63
3864,46,45
3865,44,31
3866,28,23
3867,23,23
3868,26,29
3869,49,43
3870,56,69
3871,23,24
3872,56,58
3873,26,24
3874,48,40
3875,42,31
3876,12,0
3877,30,26
3878,11,3
3879,0,1
3880,29,38
3881,52,51
3882,33,31
3883,0,0
3884,0,1
3885,33,35
3886,27,27
3887,32,29
3888,30,31
3889,29,26
3890,24,20
3891,27,29
3892,38,37
3893,56,85
3894,14,12
3895,29,27
3896,29,34
3897,0,0
3898,28,27
3899,26,24
3900,28,27
3901,28,27
3902,19,17
3903,56,103
3904,29,29
3905,30,31
3906,17,13
3907,32,35
3908,20,17
3909,28,24
3910,53,57
3911,53,49
3912,30,34
3913,36,40
3914,25,48
3915,42,41
3916,23,24
3917,0,0
3918,33,49
3919,26,27
3920,27,26
3921,27,31
3922,23,26
3923,56,58
3924,45,34
3925,30,29
3926,30,31
3927,56,75
3928,30,26
3929,0,3
3930,25,21
3931,48,75
3932,28,26
3933,26,24
3934,26,26
3935,0,10
3936,49,40
3937,28,29
3938,53,52
3939,22,21
3940,30,24
3941,56,90
3942,0,0
3943,51,57
3944,28,26
3945,39,43
3946,54,58
3947,28,43
3948,21,20
3949,26,27
3950,30,29
3951,25,26
3952,27,29
3953,55,64
3954,30,26
3955,52,43
3956,26,21
3957,28,26
3958,29,26
3959,41,35
3960,47,54
3961,54,54
3962,31,48
3963,52,59
3964,31,40
3965,54,87
3966,29,29
3967,52,34
3968,28,10
3969,28,27
3970,0,1
3971,55,96
3972,28,26
3973,23,24
3974,27,26
3975,0,3
3976,56,35
3977,0,0
3978,26,27
3979,56,99
3980,56,85
3981,26,26
3982,31,31
3983,54,59
3984,0,5
3985,49,58
3986,28,27
3987,43,40
3988,18,7
3989,24,29
3990,30,35
3991,2,1
3992,29,27
3993,27,26
3994,30,24
3995,46,31
3996,37,49
3997,28,20
3998,0,1
3999,55,43
